{
	"name": "12AX7",
	"vaMax": 400.0,
	"vg1Max": 5.0,
	"vg1Step": 0.5,
	"iaMax": 5.0,
	"paMax": 1.00,
	"model": {
		"device": "triode",
		"type": "cohenHelie",
		"kg1": 458.01,
		"mu": 113.937,
		"x": 1.24521,
		"kp": 826.355,
		"kvb": 0.179676,
		"kvb1": 76.0827,
		"vct": 0.360132
	}
}